threshold_deg,method,n_samples,gt_boundary_pixels,sr_boundary_pixels,gt_boundary_fraction,sr_boundary_fraction,boundary_precision,boundary_recall,boundary_f1,boundary_precision_tol1,boundary_recall_tol1,boundary_f1_tol1
2.0,Nearest,72,576409,598663,0.48862796359592015,0.507492913140191,0.5621459819631413,0.5838493153299134,0.5727921352904333,0.9138872854141772,0.9282691667868203,0.9210039029054534
5.0,Nearest,72,522151,539751,0.44263288709852433,0.45755259195963544,0.5347558411193309,0.5527807090286143,0.5436189026859353,0.8969771229057364,0.9033303486495738,0.9000966444387761
10.0,Nearest,72,425140,438380,0.3603956434461806,0.3716193305121528,0.4975067293215931,0.5130004233899421,0.5051347971095053,0.8656294814789227,0.858235021301272,0.8617101879734579
2.0,Bicubic,72,576409,1105094,0.48862796359592015,0.9367997911241319,0.4967468830705804,0.9523654210812115,0.6529301464225755,0.8482811538812279,0.9810404155873899,0.909103549287141
5.0,Bicubic,72,522151,922734,0.44263288709852433,0.7822113037109375,0.4785712892339504,0.8457208738468374,0.611251414472432,0.8382106088002409,0.9142199010289276,0.8730177646191661
10.0,Bicubic,72,425140,717048,0.3603956434461806,0.60784912109375,0.44463690017962537,0.7499317871759891,0.5582723684717402,0.8017899557344379,0.8739701915894302,0.8337835735951303
2.0,SLERP,72,576409,966917,0.48862796359592015,0.8196656968858507,0.5197529881054941,0.8718774342524145,0.6512661615238776,0.8729556537831407,0.9428063599088249,0.905162574085966
5.0,SLERP,72,522151,824525,0.44263288709852433,0.698958502875434,0.4938528243534156,0.7798395483298892,0.6047393730934538,0.853945092973966,0.8712602172255379,0.8602016933419162
10.0,SLERP,72,425140,627160,0.3603956434461806,0.5316501193576388,0.4505229925377894,0.6646046008373713,0.53701415946023,0.8107330924391838,0.8165030439727706,0.8102849541423987
2.0,Symm-SLERP,72,576409,900529,0.48862796359592015,0.7633878919813368,0.5220464860098898,0.8155979521485611,0.6366116925693563,0.8763420948773063,0.9161952273335786,0.8926363581144314
5.0,Symm-SLERP,72,522151,652039,0.44263288709852433,0.5527403089735243,0.5049161169807328,0.6305168428289901,0.560769551776118,0.865836936677735,0.7550225568425875,0.7949546121363009
10.0,Symm-SLERP,72,425140,396811,0.3603956434461806,0.33638085259331596,0.49435121506208246,0.4614103589405843,0.47731312450498875,0.8612477693342203,0.6321747413832056,0.7191946709865717
2.0,Atindama,72,576409,1179207,0.48862796359592015,0.9996261596679688,0.48867501634573063,0.9997224193237788,0.6564636002405994,0.8387607459752652,1.0,0.9117850665643724
5.0,Atindama,72,522151,1091194,0.44263288709852433,0.9250166151258681,0.45594275628348396,0.9528316521466013,0.6167583498879657,0.8120293591205061,0.9970705944250285,0.894585293028145
10.0,Atindama,72,425140,791623,0.3603956434461806,0.671067131890191,0.4458511185248534,0.8301877028743473,0.5801392711645571,0.7987254802144296,0.9355791991247718,0.8597749538462296
2.0,EDSR,72,576409,684917,0.48862796359592015,0.580611334906684,0.6245545080644808,0.7421258169112557,0.678283013273333,0.9564799738434446,0.9825521309353741,0.9693088042272997
5.0,EDSR,72,522151,562152,0.44263288709852433,0.4765421549479167,0.6194143221050534,0.666866481152004,0.6422651233096284,0.9619297765693402,0.9515996961296777,0.9566071118741966
10.0,EDSR,72,425140,437008,0.3603956434461806,0.3704562717013889,0.5975954673598652,0.6142776497153879,0.6058217382630361,0.9543954537032897,0.9070551257116714,0.9294004359734467
2.0,HAN,72,576409,876787,0.48862796359592015,0.7432615492078993,0.5580625625151833,0.8488798752274861,0.6734150107762477,0.9019509056809432,0.9876306597748231,0.9423345847737258
5.0,HAN,72,522151,562029,0.44263288709852433,0.47643788655598956,0.6095397212599349,0.6560918201822844,0.6319596376985371,0.9475657077066661,0.8955605669483062,0.9179180329814931
10.0,HAN,72,425140,391311,0.3603956434461806,0.33171844482421875,0.6185361515520903,0.5693183421931599,0.5929075964142367,0.95706129354949,0.8223470722456736,0.8794105869153392
2.0,RCAN,72,576409,973565,0.48862796359592015,0.825301276312934,0.5231792432965442,0.8836589990787791,0.6572355407251993,0.8736671036378831,0.97243221829085,0.918934100894398
5.0,RCAN,72,522151,597243,0.44263288709852433,0.5062891642252604,0.5717856885723231,0.6540157923665759,0.6101426307448494,0.9265031305920134,0.8157754228944383,0.8585148030489117
10.0,RCAN,72,425140,389966,0.3603956434461806,0.3305782741970486,0.6019422206038475,0.5521404713741356,0.5759668067711439,0.9504078458426045,0.7356044949503512,0.8189527128713664
2.0,SAN,72,576409,674105,0.48862796359592015,0.5714458889431424,0.5700832956290193,0.6667071471819489,0.6146208678991198,0.9061583328988524,0.998105839383566,0.9497395343306637
5.0,SAN,72,522151,528559,0.44263288709852433,0.44806501600477433,0.5974659404153557,0.6047982288648303,0.601109725804456,0.9483532539664989,0.9756632984294524,0.9617518812047192
10.0,SAN,72,425140,405981,0.3603956434461806,0.34415435791015625,0.5872590096580874,0.5607940913581408,0.5737215158803591,0.9493615494268395,0.9349992133359284,0.9417911528230251
2.0,Q-RBSA,72,576409,599567,0.48862796359592015,0.5082592434353299,0.6320027619932385,0.6573943154947268,0.6444485261603978,0.9649299400630438,0.9696806623324851,0.9672911198261898
5.0,Q-RBSA,72,522151,533845,0.44263288709852433,0.45254601372612846,0.6144723655742772,0.6282339782936354,0.6212769745339944,0.9620279640025002,0.9500334988455561,0.9559322800671765
10.0,Q-RBSA,72,425140,429487,0.3603956434461806,0.36408064100477433,0.5866976183213928,0.5926965234981418,0.5896818144055828,0.9507139846504593,0.9129552947155359,0.9310082492331078
2.0,QEDSR,72,576409,658126,0.48862796359592015,0.5579003228081597,0.6206911746382912,0.70868601982273,0.6617762963382974,0.9543558424966643,0.9848645666648059,0.9693462636066393
5.0,QEDSR,72,522151,531947,0.44263288709852433,0.45093705919053817,0.6165915025369069,0.6281592872559854,0.6223216437181363,0.9625716440094967,0.9510223431866075,0.9566358297164056
10.0,QEDSR,72,425140,414294,0.3603956434461806,0.3512013753255208,0.5936557130926347,0.5785106082702168,0.5859853186790147,0.9546731899263325,0.9037549545431742,0.9278667194756467
2.0,OCRP w5-local,72,576409,467112,0.48862796359592015,0.3959757486979167,0.7114332322869034,0.5765333296322577,0.6369186628730998,0.9867985229106397,0.9175577337664372,0.9505711641858492
5.0,OCRP w5-local,72,522151,434015,0.44263288709852433,0.36791907416449654,0.7006117300093315,0.582352614473591,0.6360318187427706,0.9856556866761532,0.9066335264977268,0.9437455465850364
10.0,OCRP w5-local,72,425140,371971,0.3603956434461806,0.31532372368706596,0.6648421516731143,0.581695441501623,0.6204957653325572,0.9720728474344908,0.9117818547333919,0.9405604354450232
